Brand,Observation Index,Rank of warranty_label
Volkswagen,748,4
Volkswagen,267,5
Volkswagen,692,5
Volkswagen,723,5
Volkswagen,13,6
Volkswagen,73,6
Volkswagen,97,6
Volkswagen,98,6
Volkswagen,159,6
Volkswagen,175,6
Volkswagen,187,6
Volkswagen,372,6
Volkswagen,376,6
Volkswagen,392,6
Volkswagen,420,6
Volkswagen,448,6
Volkswagen,486,6
Volkswagen,550,6
Volkswagen,563,6
Volkswagen,599,6
Volkswagen,648,6
Volkswagen,679,6
Volkswagen,686,6
Volkswagen,703,6
Volkswagen,729,6
Volkswagen,68,7
Volkswagen,76,7
Volkswagen,85,7
Volkswagen,130,7
Volkswagen,144,7
Volkswagen,147,7
Volkswagen,151,7
Volkswagen,176,7
Volkswagen,206,7
Volkswagen,322,7
Volkswagen,335,7
Volkswagen,347,7
Volkswagen,350,7
Volkswagen,408,7
Volkswagen,458,7
Volkswagen,474,7
Volkswagen,480,7
Volkswagen,496,7
Volkswagen,497,7
Volkswagen,498,7
Volkswagen,533,7
Volkswagen,597,7
Volkswagen,647,7
Volkswagen,682,7
Volkswagen,767,7
Volkswagen,768,7
Volkswagen,810,7
Volkswagen,820,7
Volkswagen,841,7
Volkswagen,4,8
Volkswagen,7,8
Volkswagen,35,8
Volkswagen,40,8
Volkswagen,43,8
Volkswagen,74,8
Volkswagen,154,8
Volkswagen,161,8
Volkswagen,162,8
Volkswagen,171,8
Volkswagen,181,8
Volkswagen,211,8
Volkswagen,212,8
Volkswagen,239,8
Volkswagen,247,8
Volkswagen,253,8
Volkswagen,269,8
Volkswagen,276,8
Volkswagen,283,8
Volkswagen,302,8
Volkswagen,314,8
Volkswagen,325,8
Volkswagen,346,8
Volkswagen,367,8
Volkswagen,369,8
Volkswagen,409,8
Volkswagen,422,8
Volkswagen,442,8
Volkswagen,487,8
Volkswagen,491,8
Volkswagen,493,8
Volkswagen,507,8
Volkswagen,513,8
Volkswagen,556,8
Volkswagen,564,8
Volkswagen,571,8
Volkswagen,587,8
Volkswagen,594,8
Volkswagen,604,8
Volkswagen,609,8
Volkswagen,610,8
Volkswagen,621,8
Volkswagen,691,8
Volkswagen,700,8
Volkswagen,705,8
Volkswagen,792,8
Volkswagen,816,8
Volkswagen,823,8
Volkswagen,837,8
Volkswagen,842,8
Volkswagen,844,8
Volkswagen,846,8
Volkswagen,856,8
Volkswagen,857,8
Volkswagen,867,8
Volkswagen,1,9
Volkswagen,16,9
Volkswagen,28,9
Volkswagen,30,9
Volkswagen,37,9
Volkswagen,56,9
Volkswagen,57,9
Volkswagen,123,9
Volkswagen,127,9
Volkswagen,142,9
Volkswagen,149,9
Volkswagen,157,9
Volkswagen,163,9
Volkswagen,180,9
Volkswagen,183,9
Volkswagen,193,9
Volkswagen,197,9
Volkswagen,199,9
Volkswagen,226,9
Volkswagen,228,9
Volkswagen,231,9
Volkswagen,233,9
Volkswagen,261,9
Volkswagen,270,9
Volkswagen,271,9
Volkswagen,291,9
Volkswagen,297,9
Volkswagen,328,9
Volkswagen,329,9
Volkswagen,330,9
Volkswagen,359,9
Volkswagen,374,9
Volkswagen,379,9
Volkswagen,400,9
Volkswagen,425,9
Volkswagen,438,9
Volkswagen,477,9
Volkswagen,515,9
Volkswagen,528,9
Volkswagen,530,9
Volkswagen,541,9
Volkswagen,591,9
Volkswagen,592,9
Volkswagen,612,9
Volkswagen,625,9
Volkswagen,644,9
Volkswagen,645,9
Volkswagen,658,9
Volkswagen,659,9
Volkswagen,673,9
Volkswagen,711,9
Volkswagen,731,9
Volkswagen,785,9
Volkswagen,805,9
Volkswagen,817,9
Volkswagen,824,9
Volkswagen,827,9
Volkswagen,847,9
Volkswagen,848,9
Peugeot,5,3
Peugeot,211,3
Peugeot,301,3
Peugeot,3,4
Peugeot,13,4
Peugeot,15,4
Peugeot,16,4
Peugeot,17,4
Peugeot,19,4
Peugeot,21,4
Peugeot,24,4
Peugeot,26,4
Peugeot,27,4
Peugeot,39,4
Peugeot,44,4
Peugeot,49,4
Peugeot,54,4
Peugeot,55,4
Peugeot,60,4
Peugeot,61,4
Peugeot,63,4
Peugeot,64,4
Peugeot,84,4
Peugeot,94,4
Peugeot,98,4
Peugeot,106,4
Peugeot,108,4
Peugeot,113,4
Peugeot,129,4
Peugeot,130,4
Peugeot,132,4
Peugeot,136,4
Peugeot,138,4
Peugeot,140,4
Peugeot,145,4
Peugeot,152,4
Peugeot,155,4
Peugeot,156,4
Peugeot,165,4
Peugeot,166,4
Peugeot,168,4
Peugeot,179,4
Peugeot,189,4
Peugeot,197,4
Peugeot,199,4
Peugeot,213,4
Peugeot,216,4
Peugeot,218,4
Peugeot,221,4
Peugeot,224,4
Peugeot,233,4
Peugeot,234,4
Peugeot,236,4
Peugeot,237,4
Peugeot,242,4
Peugeot,248,4
Peugeot,260,4
Peugeot,261,4
Peugeot,267,4
Peugeot,269,4
Peugeot,277,4
Peugeot,282,4
Peugeot,284,4
Peugeot,292,4
Peugeot,299,4
Peugeot,303,4
Peugeot,305,4
Peugeot,309,4
Peugeot,311,4
Peugeot,312,4
Peugeot,313,4
Peugeot,315,4
Peugeot,323,4
Peugeot,326,4
Peugeot,336,4
Peugeot,341,4
Peugeot,343,4
Peugeot,352,4
Peugeot,366,4
Peugeot,373,4
Peugeot,375,4
Peugeot,381,4
Peugeot,384,4
Peugeot,386,4
Peugeot,397,4
Peugeot,408,4
Peugeot,413,4
Peugeot,416,4
Peugeot,417,4
Peugeot,419,4
Peugeot,424,4
Peugeot,427,4
Peugeot,429,4
Peugeot,430,4
Peugeot,431,4
Peugeot,434,4
Peugeot,439,4
Peugeot,440,4
Peugeot,443,4
Peugeot,458,4
Peugeot,459,4
Peugeot,461,4
Peugeot,468,4
Peugeot,469,4
Peugeot,471,4
Peugeot,473,4
Peugeot,476,4
Peugeot,481,4
Peugeot,482,4
Peugeot,484,4
Peugeot,486,4
Peugeot,487,4
Peugeot,497,4
Peugeot,511,4
Peugeot,517,4
Peugeot,524,4
Peugeot,0,5
Peugeot,1,5
Peugeot,2,5
Peugeot,4,5
Peugeot,7,5
Peugeot,8,5
Peugeot,9,5
Peugeot,10,5
Peugeot,12,5
Peugeot,18,5
Peugeot,20,5
Peugeot,23,5
Peugeot,29,5
Peugeot,33,5
Peugeot,36,5
Peugeot,38,5
Peugeot,40,5
Peugeot,48,5
Peugeot,50,5
Peugeot,51,5
Peugeot,56,5
Peugeot,57,5
Peugeot,58,5
Peugeot,62,5
Peugeot,66,5
Peugeot,67,5
Peugeot,69,5
Peugeot,72,5
Peugeot,73,5
Peugeot,74,5
Peugeot,78,5
Peugeot,82,5
Peugeot,87,5
Peugeot,90,5
Peugeot,92,5
Peugeot,95,5
Peugeot,96,5
Peugeot,100,5
Peugeot,101,5
Peugeot,103,5
Peugeot,105,5
Peugeot,110,5
Peugeot,111,5
Peugeot,114,5
Peugeot,118,5
Peugeot,120,5
Peugeot,121,5
Peugeot,123,5
Peugeot,124,5
Peugeot,133,5
Peugeot,135,5
Peugeot,139,5
Peugeot,142,5
Peugeot,143,5
Peugeot,148,5
Peugeot,150,5
Peugeot,151,5
Peugeot,153,5
Peugeot,154,5
Peugeot,157,5
Peugeot,159,5
Peugeot,160,5
Peugeot,171,5
Peugeot,172,5
Peugeot,174,5
Peugeot,180,5
Peugeot,181,5
Peugeot,182,5
Peugeot,186,5
Peugeot,187,5
Peugeot,191,5
Peugeot,196,5
Peugeot,202,5
Peugeot,205,5
Peugeot,206,5
Peugeot,210,5
Peugeot,214,5
Peugeot,219,5
Peugeot,220,5
Peugeot,225,5
Peugeot,226,5
Peugeot,235,5
Peugeot,240,5
Peugeot,243,5
Peugeot,244,5
Peugeot,245,5
Peugeot,246,5
Peugeot,250,5
Peugeot,254,5
Peugeot,257,5
Peugeot,258,5
Peugeot,259,5
Peugeot,263,5
Peugeot,265,5
Peugeot,268,5
Peugeot,271,5
Peugeot,273,5
Peugeot,276,5
Peugeot,285,5
Peugeot,286,5
Peugeot,289,5
Peugeot,290,5
Peugeot,291,5
Peugeot,295,5
Peugeot,297,5
Peugeot,298,5
Peugeot,310,5
Peugeot,316,5
Peugeot,318,5
Peugeot,319,5
Peugeot,320,5
Peugeot,321,5
Peugeot,327,5
Peugeot,331,5
Peugeot,332,5
Peugeot,337,5
Peugeot,340,5
Peugeot,342,5
Peugeot,345,5
Peugeot,348,5
Peugeot,351,5
Peugeot,353,5
Peugeot,354,5
Peugeot,355,5
Peugeot,359,5
Peugeot,362,5
Peugeot,367,5
Peugeot,368,5
Peugeot,369,5
Peugeot,370,5
Peugeot,371,5
Peugeot,377,5
Peugeot,379,5
Peugeot,380,5
Peugeot,382,5
Peugeot,383,5
Peugeot,389,5
Peugeot,391,5
Peugeot,392,5
Peugeot,394,5
Peugeot,395,5
Peugeot,402,5
Peugeot,405,5
Peugeot,406,5
Peugeot,407,5
Peugeot,411,5
Peugeot,414,5
Peugeot,415,5
Peugeot,420,5
Peugeot,421,5
Peugeot,422,5
Peugeot,423,5
Peugeot,432,5
Peugeot,441,5
Peugeot,442,5
Peugeot,444,5
Peugeot,449,5
Peugeot,450,5
Peugeot,451,5
Peugeot,452,5
Peugeot,455,5
Peugeot,457,5
Peugeot,462,5
Peugeot,464,5
Peugeot,466,5
Peugeot,467,5
Peugeot,470,5
Peugeot,475,5
Peugeot,477,5
Peugeot,478,5
Peugeot,483,5
Peugeot,485,5
Peugeot,489,5
Peugeot,492,5
Peugeot,493,5
Peugeot,498,5
Peugeot,499,5
Peugeot,500,5
Peugeot,503,5
Peugeot,504,5
Peugeot,506,5
Peugeot,509,5
Peugeot,514,5
Peugeot,515,5
Peugeot,516,5
Peugeot,519,5
Peugeot,521,5
Peugeot,6,6
Peugeot,11,6
Peugeot,14,6
Peugeot,22,6
Peugeot,25,6
Peugeot,28,6
Peugeot,30,6
Peugeot,32,6
Peugeot,34,6
Peugeot,35,6
Peugeot,37,6
Peugeot,41,6
Peugeot,42,6
Peugeot,43,6
Peugeot,45,6
Peugeot,46,6
Peugeot,47,6
Peugeot,52,6
Peugeot,53,6
Peugeot,59,6
Peugeot,65,6
Peugeot,68,6
Peugeot,70,6
Peugeot,71,6
Peugeot,75,6
Peugeot,76,6
Peugeot,77,6
Peugeot,79,6
Peugeot,80,6
Peugeot,81,6
Peugeot,83,6
Peugeot,85,6
Peugeot,86,6
Peugeot,89,6
Peugeot,91,6
Peugeot,93,6
Peugeot,97,6
Peugeot,99,6
Peugeot,102,6
Peugeot,104,6
Peugeot,107,6
Peugeot,109,6
Peugeot,112,6
Peugeot,115,6
Peugeot,116,6
Peugeot,117,6
Peugeot,119,6
Peugeot,122,6
Peugeot,125,6
Peugeot,126,6
Peugeot,127,6
Peugeot,128,6
Peugeot,131,6
Peugeot,134,6
Peugeot,137,6
Peugeot,141,6
Peugeot,144,6
Peugeot,146,6
Peugeot,147,6
Peugeot,149,6
Peugeot,158,6
Peugeot,161,6
Peugeot,162,6
Peugeot,163,6
Peugeot,164,6
Peugeot,167,6
Peugeot,169,6
Peugeot,170,6
Peugeot,173,6
Peugeot,176,6
Peugeot,177,6
Peugeot,178,6
Peugeot,183,6
Peugeot,184,6
Peugeot,185,6
Peugeot,188,6
Peugeot,190,6
Peugeot,192,6
Peugeot,193,6
Peugeot,195,6
Peugeot,198,6
Peugeot,200,6
Peugeot,201,6
Peugeot,204,6
Peugeot,207,6
Peugeot,208,6
Peugeot,209,6
Peugeot,212,6
Peugeot,217,6
Peugeot,222,6
Peugeot,223,6
Peugeot,227,6
Peugeot,228,6
Peugeot,229,6
Peugeot,230,6
Peugeot,231,6
Peugeot,232,6
Peugeot,238,6
Peugeot,239,6
Peugeot,241,6
Peugeot,247,6
Peugeot,249,6
Peugeot,251,6
Peugeot,252,6
Peugeot,253,6
Peugeot,255,6
Peugeot,256,6
Peugeot,262,6
Peugeot,264,6
Peugeot,266,6
Peugeot,270,6
Peugeot,272,6
Peugeot,274,6
Peugeot,275,6
Peugeot,278,6
Peugeot,279,6
Peugeot,280,6
Peugeot,281,6
Peugeot,283,6
Peugeot,287,6
Peugeot,288,6
Peugeot,293,6
Peugeot,294,6
Peugeot,296,6
Peugeot,300,6
Peugeot,302,6
Peugeot,304,6
Peugeot,306,6
Peugeot,307,6
Peugeot,308,6
Peugeot,314,6
Peugeot,317,6
Peugeot,322,6
Peugeot,324,6
Peugeot,325,6
Peugeot,328,6
Peugeot,329,6
Peugeot,330,6
Peugeot,334,6
Peugeot,335,6
Peugeot,338,6
Peugeot,339,6
Peugeot,344,6
Peugeot,346,6
Peugeot,347,6
Peugeot,349,6
Peugeot,350,6
Peugeot,356,6
Peugeot,357,6
Peugeot,358,6
Peugeot,360,6
Peugeot,361,6
Peugeot,363,6
Peugeot,364,6
Peugeot,365,6
Peugeot,374,6
Peugeot,376,6
Peugeot,378,6
Peugeot,385,6
Peugeot,387,6
Peugeot,388,6
Peugeot,393,6
Peugeot,396,6
Peugeot,398,6
Peugeot,399,6
Peugeot,400,6
Peugeot,401,6
Peugeot,404,6
Peugeot,409,6
Peugeot,410,6
Peugeot,412,6
Peugeot,418,6
Peugeot,425,6
Peugeot,426,6
Peugeot,428,6
Peugeot,433,6
Peugeot,436,6
Peugeot,437,6
Peugeot,438,6
Peugeot,445,6
Peugeot,446,6
Peugeot,447,6
Peugeot,448,6
Peugeot,453,6
Peugeot,454,6
Peugeot,456,6
Peugeot,460,6
Peugeot,465,6
Peugeot,472,6
Peugeot,474,6
Peugeot,479,6
Peugeot,480,6
Peugeot,488,6
Peugeot,490,6
Peugeot,491,6
Peugeot,494,6
Peugeot,495,6
Peugeot,496,6
Peugeot,501,6
Peugeot,502,6
Peugeot,505,6
Peugeot,507,6
Peugeot,508,6
Peugeot,510,6
Peugeot,512,6
Peugeot,513,6
Peugeot,518,6
Peugeot,520,6
Peugeot,522,6
Peugeot,523,6
Peugeot,525,6
Peugeot,31,7
Peugeot,88,7
Peugeot,175,7
Peugeot,203,7
Peugeot,372,7
Peugeot,390,7
Peugeot,403,7
Peugeot,435,7
Peugeot,463,7
Peugeot,194,8
Peugeot,215,8
Mercedes-Benz,207,5
Mercedes-Benz,69,6
Mercedes-Benz,201,6
Mercedes-Benz,241,6
Mercedes-Benz,250,6
Mercedes-Benz,259,6
Mercedes-Benz,383,6
Mercedes-Benz,404,6
Mercedes-Benz,86,7
Mercedes-Benz,106,7
Mercedes-Benz,120,7
Mercedes-Benz,145,7
Mercedes-Benz,159,7
Mercedes-Benz,185,7
Mercedes-Benz,204,7
Mercedes-Benz,209,7
Mercedes-Benz,236,7
Mercedes-Benz,244,7
Mercedes-Benz,268,7
Mercedes-Benz,336,7
Mercedes-Benz,378,7
Mercedes-Benz,398,7
Mercedes-Benz,433,7
Mercedes-Benz,479,7
Mercedes-Benz,2,8
Mercedes-Benz,15,8
Mercedes-Benz,39,8
Mercedes-Benz,54,8
Mercedes-Benz,83,8
Mercedes-Benz,105,8
Mercedes-Benz,110,8
Mercedes-Benz,140,8
Mercedes-Benz,157,8
Mercedes-Benz,219,8
Mercedes-Benz,257,8
Mercedes-Benz,298,8
Mercedes-Benz,301,8
Mercedes-Benz,320,8
Mercedes-Benz,420,8
Mercedes-Benz,455,8
Mercedes-Benz,496,8
Mercedes-Benz,10,9
Mercedes-Benz,32,9
Mercedes-Benz,38,9
Mercedes-Benz,57,9
Mercedes-Benz,109,9
Mercedes-Benz,135,9
Mercedes-Benz,160,9
Mercedes-Benz,198,9
Mercedes-Benz,199,9
Mercedes-Benz,205,9
Mercedes-Benz,215,9
Mercedes-Benz,231,9
Mercedes-Benz,265,9
Mercedes-Benz,271,9
Mercedes-Benz,294,9
Mercedes-Benz,307,9
Mercedes-Benz,355,9
Mercedes-Benz,384,9
Mercedes-Benz,389,9
Mercedes-Benz,391,9
Mercedes-Benz,403,9
Mercedes-Benz,421,9
Mercedes-Benz,490,9
Ford,87,5
Ford,253,5
Ford,266,5
Ford,278,5
Ford,343,5
Ford,420,5
Ford,426,5
Ford,450,5
Ford,46,6
Ford,55,6
Ford,72,6
Ford,73,6
Ford,84,6
Ford,96,6
Ford,142,6
Ford,168,6
Ford,213,6
Ford,215,6
Ford,218,6
Ford,232,6
Ford,237,6
Ford,269,6
Ford,295,6
Ford,296,6
Ford,326,6
Ford,356,6
Ford,373,6
Ford,397,6
Ford,407,6
Ford,417,6
Ford,421,6
Ford,448,6
Ford,458,6
Ford,468,6
Ford,37,7
Ford,97,7
Ford,129,7
Ford,135,7
Ford,172,7
Ford,180,7
Ford,209,7
Ford,225,7
Ford,272,7
Ford,280,7
Ford,284,7
Ford,287,7
Ford,297,7
Ford,306,7
Ford,311,7
Ford,371,7
Ford,413,7
Ford,446,7
Ford,456,7
Ford,6,8
Ford,11,8
Ford,30,8
Ford,56,8
Ford,57,8
Ford,74,8
Ford,99,8
Ford,112,8
Ford,157,8
Ford,161,8
Ford,165,8
Ford,171,8
Ford,198,8
Ford,222,8
Ford,233,8
Ford,271,8
Ford,282,8
Ford,294,8
Ford,307,8
Ford,333,8
Ford,345,8
Ford,395,8
Ford,424,8
Ford,433,8
Ford,453,8
Ford,5,9
Ford,16,9
Ford,49,9
Ford,78,9
Ford,93,9
Ford,103,9
Ford,116,9
Ford,155,9
Ford,175,9
Ford,197,9
Ford,220,9
Ford,235,9
Ford,304,9
Ford,363,9
Ford,369,9
Ford,370,9
Ford,390,9
Ford,391,9
Ford,418,9
Ford,444,9
Ford,451,9
Ford,465,9
Ford,467,9
Ford,483,9
Ford,488,9
Ford,495,9
Ford,499,9
BMW,51,4
BMW,348,4
BMW,366,4
BMW,396,4
BMW,420,4
BMW,422,4
BMW,32,5
BMW,123,5
BMW,223,5
BMW,411,5
BMW,434,5
BMW,2,6
BMW,48,6
BMW,88,6
BMW,164,6
BMW,179,6
BMW,226,6
BMW,325,6
BMW,328,6
BMW,351,6
BMW,380,6
BMW,409,6
BMW,413,6
BMW,453,6
BMW,14,7
BMW,106,7
BMW,321,7
BMW,369,7
BMW,385,7
BMW,397,7
BMW,437,7
BMW,457,7
BMW,482,7
BMW,485,7
BMW,5,8
BMW,40,8
BMW,43,8
BMW,49,8
BMW,82,8
BMW,93,8
BMW,102,8
BMW,117,8
BMW,145,8
BMW,155,8
BMW,202,8
BMW,250,8
BMW,281,8
BMW,330,8
BMW,334,8
BMW,382,8
BMW,419,8
BMW,446,8
BMW,466,8
BMW,481,8
BMW,57,9
BMW,69,9
BMW,70,9
BMW,76,9
BMW,168,9
BMW,170,9
BMW,184,9
BMW,218,9
BMW,247,9
BMW,254,9
BMW,263,9
BMW,266,9
BMW,288,9
BMW,306,9
BMW,313,9
BMW,323,9
BMW,391,9
BMW,430,9
BMW,438,9
BMW,439,9
BMW,469,9
BMW,475,9
Opel,277,3
Opel,60,4
Opel,90,4
Opel,170,4
Opel,222,4
Opel,262,4
Opel,323,4
Opel,375,4
Opel,390,4
Opel,0,5
Opel,6,5
Opel,35,5
Opel,47,5
Opel,56,5
Opel,59,5
Opel,100,5
Opel,140,5
Opel,144,5
Opel,147,5
Opel,148,5
Opel,160,5
Opel,162,5
Opel,175,5
Opel,185,5
Opel,197,5
Opel,223,5
Opel,226,5
Opel,259,5
Opel,300,5
Opel,313,5
Opel,367,5
Opel,379,5
Opel,382,5
Opel,433,5
Opel,5,6
Opel,15,6
Opel,23,6
Opel,39,6
Opel,62,6
Opel,95,6
Opel,102,6
Opel,122,6
Opel,126,6
Opel,149,6
Opel,172,6
Opel,201,6
Opel,233,6
Opel,244,6
Opel,245,6
Opel,258,6
Opel,284,6
Opel,303,6
Opel,318,6
Opel,325,6
Opel,344,6
Opel,346,6
Opel,354,6
Opel,397,6
Opel,400,6
Opel,402,6
Opel,407,6
Opel,437,6
Opel,25,7
Opel,40,7
Opel,54,7
Opel,71,7
Opel,86,7
Opel,112,7
Opel,123,7
Opel,179,7
Opel,221,7
Opel,232,7
Opel,243,7
Opel,261,7
Opel,280,7
Opel,294,7
Opel,307,7
Opel,349,7
Opel,350,7
Opel,351,7
Opel,398,7
Opel,412,7
Opel,446,7
Opel,17,8
Opel,45,8
Opel,57,8
Opel,65,8
Opel,70,8
Opel,89,8
Opel,99,8
Opel,105,8
Opel,115,8
Opel,138,8
Opel,153,8
Opel,168,8
Opel,181,8
Opel,236,8
Opel,251,8
Opel,256,8
Opel,257,8
Opel,266,8
Opel,340,8
Opel,347,8
Opel,348,8
Opel,361,8
Opel,380,8
Opel,383,8
Opel,385,8
Opel,395,8
Opel,404,8
Opel,417,8
Opel,442,8
Opel,8,9
Opel,30,9
Opel,33,9
Opel,43,9
Opel,61,9
Opel,63,9
Opel,77,9
Opel,104,9
Opel,143,9
Opel,154,9
Opel,156,9
Opel,173,9
Opel,180,9
Opel,193,9
Opel,202,9
Opel,215,9
Opel,234,9
Opel,240,9
Opel,282,9
Opel,285,9
Opel,287,9
Opel,295,9
Opel,336,9
Opel,352,9
Opel,416,9
Opel,421,9
Opel,427,9
Audi,167,3
Audi,287,3
Audi,4,4
Audi,13,4
Audi,38,4
Audi,91,4
Audi,116,4
Audi,184,4
Audi,192,4
Audi,193,4
Audi,293,4
Audi,319,4
Audi,327,4
Audi,367,4
Audi,402,4
Audi,412,4
Audi,8,5
Audi,10,5
Audi,20,5
Audi,34,5
Audi,39,5
Audi,40,5
Audi,58,5
Audi,59,5
Audi,97,5
Audi,106,5
Audi,114,5
Audi,147,5
Audi,256,5
Audi,273,5
Audi,360,5
Audi,372,5
Audi,391,5
Audi,401,5
Audi,16,6
Audi,27,6
Audi,52,6
Audi,53,6
Audi,74,6
Audi,80,6
Audi,98,6
Audi,101,6
Audi,104,6
Audi,149,6
Audi,161,6
Audi,162,6
Audi,163,6
Audi,185,6
Audi,189,6
Audi,197,6
Audi,211,6
Audi,223,6
Audi,232,6
Audi,242,6
Audi,294,6
Audi,302,6
Audi,310,6
Audi,352,6
Audi,366,6
Audi,369,6
Audi,377,6
Audi,394,6
Audi,396,6
Audi,420,6
Audi,421,6
Audi,24,7
Audi,25,7
Audi,29,7
Audi,33,7
Audi,36,7
Audi,41,7
Audi,75,7
Audi,81,7
Audi,130,7
Audi,203,7
Audi,215,7
Audi,216,7
Audi,227,7
Audi,238,7
Audi,246,7
Audi,270,7
Audi,344,7
Audi,371,7
Audi,408,7
Audi,422,7
Audi,14,8
Audi,18,8
Audi,51,8
Audi,54,8
Audi,84,8
Audi,85,8
Audi,125,8
Audi,139,8
Audi,152,8
Audi,159,8
Audi,187,8
Audi,191,8
Audi,204,8
Audi,207,8
Audi,209,8
Audi,231,8
Audi,236,8
Audi,241,8
Audi,251,8
Audi,262,8
Audi,272,8
Audi,279,8
Audi,280,8
Audi,282,8
Audi,301,8
Audi,323,8
Audi,358,8
Audi,11,9
Audi,105,9
Audi,107,9
Audi,122,9
Audi,166,9
Audi,194,9
Audi,208,9
Audi,219,9
Audi,228,9
Audi,234,9
Audi,240,9
Audi,244,9
Audi,278,9
Audi,295,9
Audi,296,9
Audi,311,9
Audi,321,9
Audi,332,9
Audi,336,9
Audi,349,9
Audi,392,9
Audi,409,9
Audi,411,9
Renault,133,3
Renault,163,3
Renault,251,3
Renault,384,3
Renault,3,4
Renault,7,4
Renault,10,4
Renault,12,4
Renault,13,4
Renault,14,4
Renault,16,4
Renault,17,4
Renault,18,4
Renault,19,4
Renault,20,4
Renault,23,4
Renault,24,4
Renault,28,4
Renault,33,4
Renault,35,4
Renault,39,4
Renault,41,4
Renault,47,4
Renault,51,4
Renault,60,4
Renault,61,4
Renault,62,4
Renault,64,4
Renault,67,4
Renault,69,4
Renault,72,4
Renault,73,4
Renault,78,4
Renault,81,4
Renault,85,4
Renault,86,4
Renault,89,4
Renault,97,4
Renault,99,4
Renault,100,4
Renault,103,4
Renault,107,4
Renault,110,4
Renault,112,4
Renault,115,4
Renault,118,4
Renault,120,4
Renault,123,4
Renault,124,4
Renault,128,4
Renault,130,4
Renault,132,4
Renault,134,4
Renault,138,4
Renault,139,4
Renault,143,4
Renault,145,4
Renault,147,4
Renault,148,4
Renault,149,4
Renault,151,4
Renault,154,4
Renault,155,4
Renault,157,4
Renault,160,4
Renault,166,4
Renault,170,4
Renault,173,4
Renault,176,4
Renault,177,4
Renault,183,4
Renault,192,4
Renault,194,4
Renault,199,4
Renault,205,4
Renault,207,4
Renault,208,4
Renault,212,4
Renault,216,4
Renault,217,4
Renault,219,4
Renault,220,4
Renault,231,4
Renault,236,4
Renault,239,4
Renault,241,4
Renault,252,4
Renault,253,4
Renault,260,4
Renault,261,4
Renault,265,4
Renault,266,4
Renault,267,4
Renault,271,4
Renault,282,4
Renault,283,4
Renault,285,4
Renault,286,4
Renault,287,4
Renault,290,4
Renault,291,4
Renault,293,4
Renault,295,4
Renault,306,4
Renault,311,4
Renault,315,4
Renault,317,4
Renault,318,4
Renault,319,4
Renault,320,4
Renault,321,4
Renault,324,4
Renault,325,4
Renault,327,4
Renault,329,4
Renault,334,4
Renault,339,4
Renault,345,4
Renault,346,4
Renault,348,4
Renault,349,4
Renault,351,4
Renault,354,4
Renault,355,4
Renault,357,4
Renault,363,4
Renault,368,4
Renault,369,4
Renault,370,4
Renault,374,4
Renault,375,4
Renault,376,4
Renault,381,4
Renault,387,4
Renault,390,4
Renault,394,4
Renault,396,4
Renault,398,4
Renault,406,4
Renault,415,4
Renault,418,4
Renault,0,5
Renault,1,5
Renault,5,5
Renault,8,5
Renault,9,5
Renault,11,5
Renault,21,5
Renault,27,5
Renault,29,5
Renault,37,5
Renault,38,5
Renault,43,5
Renault,45,5
Renault,49,5
Renault,52,5
Renault,58,5
Renault,59,5
Renault,66,5
Renault,70,5
Renault,79,5
Renault,84,5
Renault,88,5
Renault,90,5
Renault,93,5
Renault,95,5
Renault,96,5
Renault,98,5
Renault,104,5
Renault,105,5
Renault,111,5
Renault,113,5
Renault,116,5
Renault,125,5
Renault,126,5
Renault,137,5
Renault,140,5
Renault,144,5
Renault,158,5
Renault,161,5
Renault,162,5
Renault,179,5
Renault,180,5
Renault,186,5
Renault,190,5
Renault,191,5
Renault,193,5
Renault,195,5
Renault,200,5
Renault,203,5
Renault,209,5
Renault,223,5
Renault,224,5
Renault,227,5
Renault,228,5
Renault,229,5
Renault,232,5
Renault,233,5
Renault,237,5
Renault,238,5
Renault,242,5
Renault,244,5
Renault,245,5
Renault,248,5
Renault,256,5
Renault,257,5
Renault,258,5
Renault,270,5
Renault,273,5
Renault,279,5
Renault,280,5
Renault,294,5
Renault,298,5
Renault,304,5
Renault,307,5
Renault,309,5
Renault,313,5
Renault,330,5
Renault,337,5
Renault,338,5
Renault,343,5
Renault,366,5
Renault,377,5
Renault,379,5
Renault,386,5
Renault,391,5
Renault,392,5
Renault,395,5
Renault,401,5
Renault,402,5
Renault,409,5
Renault,416,5
Renault,419,5
Renault,420,5
Renault,15,6
Renault,26,6
Renault,40,6
Renault,54,6
Renault,55,6
Renault,57,6
Renault,75,6
Renault,87,6
Renault,117,6
Renault,119,6
Renault,121,6
Renault,127,6
Renault,131,6
Renault,135,6
Renault,142,6
Renault,150,6
Renault,164,6
Renault,165,6
Renault,167,6
Renault,169,6
Renault,171,6
Renault,181,6
Renault,197,6
Renault,202,6
Renault,214,6
Renault,215,6
Renault,221,6
Renault,222,6
Renault,225,6
Renault,226,6
Renault,230,6
Renault,234,6
Renault,243,6
Renault,249,6
Renault,250,6
Renault,255,6
Renault,264,6
Renault,269,6
Renault,272,6
Renault,275,6
Renault,281,6
Renault,284,6
Renault,296,6
Renault,297,6
Renault,300,6
Renault,301,6
Renault,316,6
Renault,322,6
Renault,328,6
Renault,332,6
Renault,336,6
Renault,341,6
Renault,342,6
Renault,344,6
Renault,350,6
Renault,352,6
Renault,359,6
Renault,360,6
Renault,373,6
Renault,385,6
Renault,393,6
Renault,404,6
Renault,407,6
Renault,413,6
Renault,2,7
Renault,22,7
Renault,30,7
Renault,34,7
Renault,42,7
Renault,63,7
Renault,77,7
Renault,80,7
Renault,82,7
Renault,109,7
Renault,122,7
Renault,129,7
Renault,141,7
Renault,146,7
Renault,152,7
Renault,156,7
Renault,182,7
Renault,184,7
Renault,201,7
Renault,211,7
Renault,235,7
Renault,254,7
Renault,259,7
Renault,263,7
Renault,276,7
Renault,323,7
Renault,333,7
Renault,358,7
Renault,361,7
Renault,362,7
Renault,364,7
Renault,365,7
Renault,382,7
Renault,388,7
Renault,389,7
Renault,399,7
Renault,410,7
Renault,414,7
Renault,4,8
Renault,31,8
Renault,32,8
Renault,36,8
Renault,46,8
Renault,74,8
Renault,76,8
Renault,91,8
Renault,92,8
Renault,102,8
Renault,136,8
Renault,159,8
Renault,175,8
Renault,178,8
Renault,187,8
Renault,204,8
Renault,210,8
Renault,213,8
Renault,218,8
Renault,247,8
Renault,262,8
Renault,289,8
Renault,292,8
Renault,326,8
Renault,331,8
Renault,347,8
Renault,367,8
Renault,378,8
Renault,408,8
Renault,412,8
Renault,25,9
Renault,50,9
Renault,53,9
Renault,94,9
Renault,168,9
Renault,172,9
Renault,174,9
Renault,305,9
Renault,310,9
Renault,312,9
Renault,314,9
Renault,335,9
Renault,353,9
Renault,397,9
Renault,411,9
Toyota,11,3
Toyota,256,3
Toyota,33,4
Toyota,71,4
Toyota,100,4
Toyota,111,4
Toyota,114,4
Toyota,168,4
Toyota,232,4
Toyota,236,4
Toyota,352,4
Toyota,358,4
Toyota,375,4
Toyota,1,5
Toyota,35,5
Toyota,52,5
Toyota,70,5
Toyota,82,5
Toyota,86,5
Toyota,87,5
Toyota,89,5
Toyota,122,5
Toyota,126,5
Toyota,146,5
Toyota,153,5
Toyota,160,5
Toyota,213,5
Toyota,217,5
Toyota,224,5
Toyota,225,5
Toyota,263,5
Toyota,293,5
Toyota,335,5
Toyota,378,5
Toyota,383,5
Toyota,2,6
Toyota,23,6
Toyota,32,6
Toyota,58,6
Toyota,59,6
Toyota,61,6
Toyota,73,6
Toyota,88,6
Toyota,116,6
Toyota,154,6
Toyota,184,6
Toyota,192,6
Toyota,195,6
Toyota,206,6
Toyota,222,6
Toyota,223,6
Toyota,243,6
Toyota,279,6
Toyota,280,6
Toyota,282,6
Toyota,284,6
Toyota,303,6
Toyota,317,6
Toyota,322,6
Toyota,340,6
Toyota,341,6
Toyota,342,6
Toyota,351,6
Toyota,354,6
Toyota,357,6
Toyota,379,6
Toyota,15,7
Toyota,17,7
Toyota,18,7
Toyota,30,7
Toyota,38,7
Toyota,42,7
Toyota,65,7
Toyota,74,7
Toyota,75,7
Toyota,84,7
Toyota,90,7
Toyota,98,7
Toyota,105,7
Toyota,107,7
Toyota,135,7
Toyota,139,7
Toyota,149,7
Toyota,165,7
Toyota,169,7
Toyota,172,7
Toyota,175,7
Toyota,179,7
Toyota,180,7
Toyota,197,7
Toyota,203,7
Toyota,231,7
Toyota,234,7
Toyota,237,7
Toyota,240,7
Toyota,244,7
Toyota,259,7
Toyota,264,7
Toyota,266,7
Toyota,277,7
Toyota,278,7
Toyota,285,7
Toyota,288,7
Toyota,295,7
Toyota,301,7
Toyota,312,7
Toyota,318,7
Toyota,324,7
Toyota,339,7
Toyota,344,7
Toyota,348,7
Toyota,350,7
Toyota,365,7
Toyota,380,7
Toyota,0,8
Toyota,5,8
Toyota,19,8
Toyota,26,8
Toyota,27,8
Toyota,34,8
Toyota,40,8
Toyota,43,8
Toyota,45,8
Toyota,53,8
Toyota,66,8
Toyota,99,8
Toyota,130,8
Toyota,147,8
Toyota,148,8
Toyota,151,8
Toyota,155,8
Toyota,183,8
Toyota,196,8
Toyota,201,8
Toyota,207,8
Toyota,208,8
Toyota,218,8
Toyota,219,8
Toyota,230,8
Toyota,235,8
Toyota,245,8
Toyota,246,8
Toyota,249,8
Toyota,257,8
Toyota,274,8
Toyota,283,8
Toyota,291,8
Toyota,327,8
Toyota,332,8
Toyota,373,8
Toyota,387,8
Toyota,3,9
Toyota,9,9
Toyota,13,9
Toyota,25,9
Toyota,29,9
Toyota,47,9
Toyota,50,9
Toyota,51,9
Toyota,54,9
Toyota,60,9
Toyota,68,9
Toyota,69,9
Toyota,78,9
Toyota,79,9
Toyota,85,9
Toyota,94,9
Toyota,96,9
Toyota,101,9
Toyota,112,9
Toyota,118,9
Toyota,129,9
Toyota,134,9
Toyota,137,9
Toyota,145,9
Toyota,164,9
Toyota,191,9
Toyota,193,9
Toyota,211,9
Toyota,214,9
Toyota,221,9
Toyota,248,9
Toyota,251,9
Toyota,252,9
Toyota,258,9
Toyota,262,9
Toyota,271,9
Toyota,275,9
Toyota,281,9
Toyota,311,9
Toyota,316,9
Toyota,323,9
Toyota,346,9
Toyota,349,9
Toyota,361,9
Toyota,362,9
Toyota,364,9
Toyota,367,9
Toyota,372,9
Toyota,386,9
Volvo,18,5
Volvo,84,5
Volvo,132,5
Volvo,305,5
Volvo,0,6
Volvo,4,6
Volvo,79,6
Volvo,82,6
Volvo,133,6
Volvo,136,6
Volvo,156,6
Volvo,165,6
Volvo,182,6
Volvo,186,6
Volvo,196,6
Volvo,211,6
Volvo,240,6
Volvo,248,6
Volvo,255,6
Volvo,259,6
Volvo,260,6
Volvo,277,6
Volvo,301,6
Volvo,327,6
Volvo,332,6
Volvo,6,7
Volvo,12,7
Volvo,32,7
Volvo,36,7
Volvo,47,7
Volvo,58,7
Volvo,60,7
Volvo,77,7
Volvo,97,7
Volvo,112,7
Volvo,116,7
Volvo,134,7
Volvo,143,7
Volvo,155,7
Volvo,164,7
Volvo,178,7
Volvo,194,7
Volvo,197,7
Volvo,212,7
Volvo,213,7
Volvo,218,7
Volvo,241,7
Volvo,264,7
Volvo,269,7
Volvo,272,7
Volvo,278,7
Volvo,290,7
Volvo,333,7
Volvo,10,8
Volvo,13,8
Volvo,39,8
Volvo,48,8
Volvo,50,8
Volvo,66,8
Volvo,69,8
Volvo,98,8
Volvo,102,8
Volvo,103,8
Volvo,105,8
Volvo,108,8
Volvo,117,8
Volvo,121,8
Volvo,159,8
Volvo,161,8
Volvo,166,8
Volvo,210,8
Volvo,217,8
Volvo,220,8
Volvo,225,8
Volvo,234,8
Volvo,237,8
Volvo,249,8
Volvo,285,8
Volvo,288,8
Volvo,289,8
Volvo,291,8
Volvo,292,8
Volvo,295,8
Volvo,297,8
Volvo,299,8
Volvo,328,8
Volvo,329,8
Volvo,2,9
Volvo,38,9
Volvo,41,9
Volvo,45,9
Volvo,53,9
Volvo,85,9
Volvo,86,9
Volvo,110,9
Volvo,128,9
Volvo,130,9
Volvo,140,9
Volvo,153,9
Volvo,157,9
Volvo,179,9
Volvo,199,9
Volvo,204,9
Volvo,231,9
Volvo,236,9
Volvo,245,9
Volvo,275,9
Volvo,300,9
Volvo,304,9
Volvo,307,9
Volvo,311,9
Volvo,313,9
Volvo,317,9
Volvo,334,9
